,aging_related
2,1
9,0
12,0
14,0
16,0
20,0
25,1
27,0
29,0
32,0
34,0
39,0
40,0
41,0
43,0
47,0
51,0
52,0
60,0
70,0
71,0
81,0
86,0
87,0
88,0
90,0
91,0
92,0
93,0
100,0
102,0
103,0
107,0
108,0
109,0
111,1
113,0
114,0
116,0
117,0
118,0
119,0
120,0
123,0
128,0
133,0
134,0
142,1
143,0
148,0
150,0
152,0
153,0
154,0
156,0
157,0
160,0
161,0
162,0
163,0
164,0
166,0
175,0
178,0
182,0
183,0
185,0
190,0
199,0
203,0
207,1
208,0
211,0
212,0
213,0
217,0
225,0
226,0
230,0
231,0
238,0
249,0
267,0
274,0
276,0
283,0
284,0
285,0
286,0
287,0
288,0
292,0
293,0
301,0
302,0
306,0
308,0
310,0
311,0
317,0
320,0
321,0
322,0
323,0
324,0
325,0
327,0
328,1
329,0
330,0
331,0
333,0
334,0
347,0
348,1
351,1
355,1
357,0
358,0
361,0
367,1
369,0
372,0
373,0
375,0
377,0
378,0
379,0
381,0
382,0
387,0
390,0
391,0
392,1
394,0
396,0
397,0
398,0
400,0
403,0
405,0
406,1
408,0
409,0
410,0
415,0
427,0
429,0
432,0
435,0
444,0
445,0
466,0
467,0
468,0
472,1
473,0
475,0
477,0
478,0
481,0
482,0
488,0
490,0
491,0
493,0
501,0
506,0
509,0
518,0
523,0
529,0
534,0
537,0
538,0
545,1
546,0
547,0
550,0
563,0
567,0
571,0
572,0
573,0
576,0
578,0
580,0
581,1
583,0
585,0
586,0
590,0
595,0
596,1
597,0
598,0
599,0
602,0
604,0
605,0
607,0
613,0
617,0
624,0
627,1
631,0
632,0
633,0
636,0
637,0
641,1
642,0
645,0
648,1
650,0
653,0
655,0
657,0
658,0
659,0
661,0
662,0
663,0
664,0
665,0
667,0
669,0
672,1
673,0
677,0
682,0
688,0
689,0
694,0
695,0
701,1
705,0
706,0
708,0
712,0
713,0
714,0
715,0
716,0
718,0
719,0
720,0
727,0
728,0
730,0
752,0
754,0
760,0
762,0
768,0
771,0
773,1
774,0
775,0
776,0
777,0
780,0
782,0
783,0
784,0
785,0
790,0
793,0
794,0
800,0
801,0
811,0
813,0
814,0
815,0
816,0
817,0
818,0
821,0
823,0
824,0
825,0
826,0
831,0
832,0
833,0
834,0
836,0
837,0
839,0
840,0
842,0
845,0
847,1
857,0
858,0
862,0
863,0
864,0
865,0
867,0
868,0
871,0
873,0
875,0
885,0
887,0
889,0
890,1
891,0
892,0
894,0
896,0
900,0
901,0
902,0
904,0
905,0
908,0
909,0
912,0
914,0
925,0
929,0
933,0
938,0
942,0
947,0
948,0
949,0
950,0
952,0
953,0
955,0
960,0
961,0
963,0
965,0
966,0
967,0
972,0
975,0
977,0
984,0
988,0
989,0
990,0
994,0
996,0
998,1
999,0
1000,0
1002,0
1003,0
1006,0
1007,0
1008,0
1009,0
1010,0
1016,0
1017,0
1018,0
1019,0
1020,0
1021,0
1022,0
1024,0
1025,0
1027,0
1028,0
1029,1
1031,0
1033,0
1039,0
1050,1
1051,1
1052,0
1053,0
1054,0
1056,0
1059,0
1060,0
1063,0
1066,0
1069,0
1070,0
1072,0
1073,0
1075,0
1104,0
1105,0
1107,0
1108,0
1111,0
1112,0
1113,0
1114,0
1119,0
1121,0
1122,0
1123,0
1124,0
1128,0
1130,0
1131,0
1133,0
1134,0
1139,0
1140,0
1147,0
1149,0
1152,0
1153,0
1155,0
1159,0
1160,0
1161,1
1163,0
1164,0
1173,0
1174,0
1175,0
1176,0
1182,0
1184,0
1186,0
1191,1
1192,0
1193,0
1195,0
1196,0
1200,0
1207,0
1211,0
1212,0
1213,0
1230,0
1234,0
1235,0
1238,0
1258,0
1263,0
1264,0
1266,0
1267,0
1268,0
1269,0
1270,0
1271,0
1272,0
1277,0
1278,0
1281,0
1282,0
1284,0
1287,0
1290,0
1292,0
1294,0
1295,0
1296,0
1298,0
1300,0
1301,0
1312,0
1314,0
1315,0
1316,0
1325,0
1326,0
1329,0
1345,0
1356,0
1363,0
1368,0
1369,0
1373,0
1374,0
1378,0
1381,0
1382,0
1385,1
1386,1
1390,0
1392,0
1393,0
1394,0
1396,0
1397,0
1398,0
1399,0
1400,0
1407,0
1408,0
1410,0
1431,0
1432,1
1434,0
1435,0
1436,0
1438,0
1439,0
1441,0
1445,0
1446,0
1447,0
1452,0
1453,0
1454,1
1455,0
1456,0
1457,0
1459,0
1460,0
1462,0
1463,0
1465,0
1466,0
1471,0
1475,0
1476,0
1477,0
1478,0
1479,0
1487,0
1488,0
1490,1
1495,0
1496,0
1499,1
1500,0
1501,0
1503,0
1506,0
1508,0
1509,0
1510,0
1512,0
1513,0
1514,0
1520,0
1523,0
1525,0
1528,0
1536,0
1537,0
1540,0
1543,0
1571,0
1600,0
1601,0
1602,0
1603,0
1604,0
1605,0
1606,0
1611,0
1612,0
1613,0
1615,0
1616,0
1622,0
1627,1
1628,0
1633,0
1634,0
1635,0
1639,0
1641,0
1642,0
1647,0
1649,1
1653,0
1654,0
1655,0
1656,0
1660,0
1663,0
1665,0
1667,0
1672,0
1676,0
1678,0
1687,0
1719,0
1725,0
1727,0
1728,0
1729,0
1731,0
1734,0
1736,0
1737,0
1738,0
1739,0
1740,0
1741,0
1742,0
1743,0
1745,0
1749,0
1756,0
1759,0
1760,0
1762,0
1780,0
1781,0
1783,0
1786,0
1787,0
1788,0
1789,0
1793,0
1795,0
1797,0
1801,0
1804,0
1807,0
1808,0
1809,0
1810,0
1812,0
1813,0
1816,0
1819,0
1821,0
1822,0
1824,0
1825,0
1826,0
1831,0
1832,0
1837,0
1840,0
1843,0
1844,0
1845,0
1846,0
1847,0
1848,0
1849,0
1852,0
1854,0
1855,0
1856,0
1857,0
1861,0
1869,1
1871,0
1875,0
1876,0
1877,0
1879,0
1880,0
1891,0
1892,0
1893,0
1901,0
1902,0
1906,0
1909,0
1910,0
1911,0
1912,0
1915,1
1933,0
1936,0
1937,0
1938,1
1939,0
1942,0
1944,0
1946,0
1948,0
1949,0
1950,1
1951,0
1952,0
1954,0
1958,1
1959,0
1962,0
1964,0
1965,0
1967,0
1968,0
1973,0
1974,0
1975,0
1977,0
1978,0
1979,0
1981,0
1982,0
1983,0
1984,0
1993,0
1994,0
1995,0
1996,0
1997,0
1998,0
2002,0
2004,0
2006,1
2009,0
2010,1
2011,0
2014,0
2017,0
2018,0
2023,0
2026,0
2028,0
2029,0
2030,0
2033,1
2034,0
2035,0
2036,0
2037,0
2039,0
2040,0
2042,0
2043,0
2044,0
2045,0
2047,0
2049,0
2050,0
2051,0
2054,0
2057,1
2058,0
2060,0
2064,1
2065,0
2066,0
2067,1
2071,1
2073,1
2074,1
2077,0
2078,0
2079,0
2091,0
2104,0
2107,0
2113,0
2114,0
2115,0
2119,0
2120,0
2122,0
2130,0
2131,0
2132,0
2138,0
2145,0
2146,0
2150,0
2152,0
2153,0
2157,0
2159,0
2162,0
2170,0
2178,0
2181,0
2185,1
2186,0
2188,0
2189,0
2192,0
2193,0
2194,0
2195,0
2197,0
2200,0
2203,0
2207,0
2213,0
2214,0
2215,0
2217,0
2222,0
2224,0
2230,0
2232,0
2237,1
2239,0
2241,0
2242,0
2245,0
2246,0
2247,0
2251,0
2252,0
2254,0
2257,0
2260,1
2261,0
2263,0
2268,0
2271,0
2273,0
2274,0
2280,0
2286,0
2287,0
2288,0
2289,0
2290,0
2295,0
2296,0
2308,1
2309,1
2312,0
2314,0
2316,0
2317,0
2318,0
2319,0
2321,1
2322,0
2331,0
2332,0
2335,0
2339,0
2342,0
2348,0
2353,1
2354,0
2355,0
2357,0
2395,0
2495,0
2512,0
2520,0
2521,0
2526,0
2533,0
2534,0
2537,0
2539,0
2547,1
2549,0
2550,0
2551,0
2553,0
2554,0
2556,0
2557,0
2560,0
2561,0
2562,0
2563,0
2565,0
2566,0
2569,0
2571,0
2572,0
2580,0
2589,0
2590,0
2592,0
2596,0
2597,0
2617,0
2620,0
2621,0
2624,0
2629,0
2632,0
2633,0
2634,0
2635,0
2643,0
2644,0
2645,0
2646,0
2647,0
2648,0
2653,0
2661,0
2664,0
2665,0
2669,0
2670,0
2673,0
2674,0
2677,0
2678,0
2686,0
2690,1
2697,0
2705,0
2706,0
2720,0
2731,0
2733,0
2734,0
2737,0
2742,0
2743,0
2744,0
2745,0
2746,0
2747,0
2752,0
2760,0
2764,0
2767,0
2768,0
2769,0
2770,0
2771,0
2773,0
2775,0
2776,0
2778,0
2781,0
2782,0
2783,0
2784,0
2785,0
2786,0
2787,0
2790,0
2791,0
2800,0
2801,0
2802,0
2803,0
2804,0
2806,0
2810,0
2811,0
2812,0
2817,0
2820,0
2821,0
2822,0
2823,0
2825,0
2840,0
2861,0
2868,0
2869,0
2870,0
2872,0
2873,0
2875,0
2876,1
2882,0
2885,1
2887,0
2888,0
2889,0
2890,0
2891,0
2892,0
2893,0
2894,0
2896,0
2897,0
2899,0
2901,0
2902,0
2903,0
2904,0
2905,0
2906,0
2908,1
2909,0
2911,0
2912,0
2913,0
2914,0
2915,0
2916,0
2917,0
2918,0
2919,0
2921,0
2923,0
2931,0
2932,1
2934,0
2935,0
2936,1
2944,0
2946,0
2947,0
2948,0
2950,1
2956,0
2957,0
2958,0
2959,0
2960,0
2961,0
2962,0
2963,0
2965,0
2966,1
2967,0
2968,0
2969,0
2971,0
2975,0
2976,0
2977,0
2982,0
2983,0
2992,0
2997,0
3002,0
3005,0
3006,0
3014,1
3017,0
3020,0
3026,0
3028,0
3032,0
3035,0
3039,0
3043,0
3054,0
3059,0
3062,0
3064,1
3065,1
3066,1
3068,0
3069,0
3073,0
3074,0
3075,0
3082,0
3087,0
3091,1
3092,0
3093,0
3096,0
3098,0
3104,0
3105,0
3106,0
3108,0
3109,0
3113,0
3115,0
3122,0
3123,0
3131,0
3133,0
3134,0
3135,0
3145,0
3146,1
3150,0
3151,0
3156,0
3159,0
3162,0
3163,0
3178,0
3181,0
3183,0
3184,0
3187,0
3189,0
3190,0
3191,0
3192,0
3200,0
3202,0
3208,0
3240,0
3241,0
3251,0
3265,1
3267,0
3268,0
3275,0
3276,0
3280,0
3281,0
3295,0
3298,0
3300,0
3301,0
3303,1
3306,0
3308,0
3309,0
3312,1
3313,1
3315,0
3316,0
3320,1
3326,0
3329,1
3336,0
3337,0
3355,0
3356,0
3357,0
3358,0
3364,0
3371,0
3376,0
3383,0
3384,0
3394,0
3397,0
3398,0
3399,0
3400,0
3416,0
3417,0
3419,0
3420,0
3421,0
3426,0
3428,0
3429,0
3430,0
3431,0
3433,0
3434,0
3437,0
3454,0
3455,0
3458,0
3459,0
3460,0
3475,0
3476,0
3479,1
3480,1
3481,1
3482,0
3483,0
3485,0
3486,1
3487,0
3488,0
3489,0
3490,0
3491,0
3508,0
3516,0
3547,0
3550,0
3551,0
3552,0
3553,0
3556,0
3561,1
3566,0
3570,0
3572,0
3574,1
3576,0
3579,0
3587,0
3588,0
3592,0
3593,0
3595,0
3597,0
3600,0
3601,0
3603,0
3606,0
3608,0
3609,0
3611,0
3612,0
3613,0
3621,0
3622,0
3623,0
3624,0
3625,0
3626,0
3627,0
3628,0
3631,0
3632,0
3633,0
3635,0
3636,0
3638,0
3642,0
3643,1
3646,0
3652,0
3654,0
3655,0
3658,0
3659,0
3661,0
3663,0
3665,0
3667,1
3673,0
3676,0
3678,0
3679,0
3682,0
3683,0
3684,0
3685,0
3688,0
3689,0
3691,0
3693,0
3696,0
3698,0
3699,0
3702,0
3703,0
3705,0
3706,0
3707,0
3708,0
3709,0
3714,0
3716,0
3717,1
3725,1
3726,0
3727,1
3732,0
3735,0
3736,0
3737,0
3739,0
3741,0
3745,0
3746,0
3750,0
3751,0
3752,0
3754,0
3756,0
3757,0
3759,0
3760,0
3761,0
3762,0
3764,0
3765,0
3766,0
3767,0
3768,0
3773,0
3775,0
3777,0
3778,0
3781,0
3783,0
3785,0
3786,0
3790,0
3791,0
3796,0
3797,0
3798,0
3799,0
3800,0
3815,0
3821,0
3823,0
3831,0
3832,0
3835,0
3836,0
3837,0
3838,0
3839,0
3840,0
3841,0
3842,0
3843,0
3845,0
3849,0
3856,0
3858,0
3875,0
3881,0
3895,0
3903,0
3908,0
3910,0
3911,0
3912,0
3915,0
3916,0
3920,0
3921,0
3925,0
3927,0
3930,0
3936,0
3937,0
3939,0
3945,0
3953,1
3956,0
3958,0
3959,0
3960,0
3964,0
3976,0
3977,0
3978,0
3981,0
3983,0
3984,0
3985,0
3987,0
3991,0
3996,0
3998,0
4000,1
4001,1
4004,0
4005,0
4008,0
4012,0
4016,0
4023,0
4026,0
4034,0
4036,1
4037,0
4038,0
4040,0
4043,0
4045,0
4046,0
4050,0
4052,0
4054,0
4057,0
4060,0
4062,0
4067,0
4071,0
4074,0
4077,0
4082,0
4084,1
4085,0
4086,0
4087,0
4088,0
4089,0
4090,0
4092,0
4093,0
4094,0
4097,0
4116,0
4122,0
4123,0
4125,0
4128,0
4130,0
4131,0
4133,0
4134,0
4135,0
4137,1
4139,0
4140,0
4141,0
4142,0
4145,0
4147,0
4149,1
4152,0
4155,0
4157,0
4160,0
4162,0
4168,0
4170,0
4171,0
4172,0
4173,0
4174,0
4175,0
4176,0
4179,0
4185,0
4188,0
4189,0
4190,0
4191,0
4192,0
4194,0
4200,0
4201,0
4204,0
4205,0
4208,0
4209,0
4211,0
4214,0
4215,0
4216,0
4217,1
4218,0
4221,0
4233,0
4234,0
4236,0
4237,0
4245,0
4254,0
4255,0
4256,0
4258,0
4259,0
4267,0
4276,0
4277,0
4281,0
4286,0
4287,0
4291,0
4292,1
4293,0
4297,0
4298,0
4299,0
4300,0
4301,0
4302,0
4303,1
4306,0
4318,0
4326,0
4330,0
4332,0
4335,0
4338,0
4340,0
4345,0
4350,0
4354,0
4355,0
4356,0
4361,0
4435,0
4436,0
4437,0
4438,0
4478,0
4485,0
4486,0
4502,0
4507,0
4515,0
4520,0
4524,0
4542,0
4547,0
4548,0
4582,0
4591,0
4595,0
4597,0
4598,0
4599,0
4601,1
4603,0
4604,0
4615,0
4616,0
4628,0
4629,0
4637,0
4638,0
4640,0
4641,0
4644,0
4645,0
4646,0
4649,0
4650,0
4651,0
4659,0
4660,0
4661,0
4664,0
4665,0
4666,0
4670,0
4671,0
4673,0
4676,0
4677,0
4678,0
4681,0
4682,0
4683,1
4684,0
4685,0
4686,0
4688,0
4689,0
4690,0
4691,0
4692,0
4694,0
4698,0
4700,0
4703,0
4707,0
4709,0
4714,0
4715,0
4716,0
4719,0
4726,0
4729,0
4731,0
4733,0
4734,0
4735,0
4736,0
4738,0
4739,0
4744,0
4745,0
4747,0
4750,0
4752,0
4753,0
4756,0
4758,0
4760,0
4761,0
4762,0
4763,0
4771,0
4772,0
4775,0
4776,0
4779,0
4780,0
4781,0
4782,0
4783,0
4784,0
4790,1
4791,1
4792,1
4794,0
4798,0
4799,0
4800,0
4801,0
4802,0
4803,1
4804,1
4809,0
4811,0
4817,0
4820,0
4821,0
4828,0
4830,0
4832,0
4833,0
4835,0
4836,0
4839,0
4841,0
4842,0
4843,0
4848,0
4849,0
4850,0
4852,0
4853,0
4856,0
4857,0
4860,0
4862,0
4863,0
4867,0
4869,0
4878,0
4884,0
4885,0
4886,0
4887,0
4889,0
4893,0
4897,0
4898,0
4899,0
4900,0
4904,0
4905,0
4907,0
4913,0
4915,0
4916,0
4921,0
4922,0
4924,0
4925,0
4926,0
4927,0
4928,0
4929,0
4942,0
4943,0
4946,0
4947,0
4950,0
4952,0
4953,0
4956,0
4967,0
4968,0
4973,0
4978,0
4982,0
4983,0
4985,0
4986,0
4987,0
4999,0
5000,0
5001,0
5007,0
5010,0
5015,0
5016,0
5021,0
5025,0
5027,0
5028,0
5029,0
5034,0
5036,0
5037,0
5045,0
5048,0
5049,0
5050,0
5052,1
5054,0
5058,0
5062,0
5063,0
5066,0
5074,0
5080,0
5082,0
5087,0
5089,0
5091,0
5092,0
5093,0
5094,0
5097,0
5099,0
5100,0
5108,0
5110,1
5111,1
5116,0
5119,0
5121,0
5122,0
5125,0
5126,0
5127,0
5128,0
5129,0
5130,0
5134,0
5136,0
5140,0
5141,0
5142,0
5144,0
5147,0
5154,0
5159,1
5160,0
5162,0
5163,0
5164,0
5165,0
5166,0
5170,1
5173,0
5175,0
5176,0
5178,0
5184,0
5187,0
5189,0
5190,0
5191,0
5192,0
5193,0
5194,0
5201,0
5202,0
5203,0
5204,0
5208,0
5211,0
5213,0
5214,0
5216,0
5217,0
5218,0
5223,0
5226,0
5228,0
5229,0
5230,0
5236,0
5243,0
5245,0
5250,0
5252,0
5255,0
5256,0
5257,0
5264,0
5269,0
5270,0
5272,0
5274,0
5276,0
5277,0
5279,0
5283,0
5286,0
5287,0
5289,0
5290,0
5291,1
5292,0
5293,0
5295,1
5296,0
5297,0
5298,0
5300,1
5303,0
5305,0
5306,0
5308,0
5310,0
5311,0
5315,0
5316,0
5318,0
5321,0
5322,0
5324,0
5325,0
5326,0
5327,0
5329,0
5333,0
5335,0
5337,0
5338,0
5341,0
5346,0
5347,0
5348,0
5350,0
5354,0
5355,0
5356,0
5358,0
5359,0
5360,0
5361,0
5362,0
5364,0
5365,0
5366,0
5368,0
5372,0
5376,0
5378,0
5393,0
5396,0
5411,0
5414,0
5420,0
5422,1
5423,1
5425,0
5426,0
5427,0
5428,1
5431,0
5432,0
5433,0
5434,0
5435,0
5436,0
5437,0
5438,0
5439,0
5440,0
5441,0
5442,0
5445,0
5447,0
5450,0
5451,0
5452,0
5453,0
5454,0
5455,0
5457,0
5464,0
5465,1
5467,0
5469,1
5473,0
5475,0
5476,0
5478,0
5479,0
5480,0
5481,0
5493,0
5494,0
5495,0
5496,0
5498,0
5499,1
5500,0
5501,0
5502,0
5504,0
5509,0
5511,0
5514,0
5515,0
5516,0
5518,0
5519,0
5520,0
5521,0
5523,0
5524,0
5526,0
5527,0
5528,0
5529,0
5530,0
5531,0
5532,0
5533,0
5534,0
5537,0
5546,0
5547,0
5549,0
5550,0
5551,0
5552,0
5557,0
5562,0
5563,0
5564,0
5565,0
5566,0
5567,0
5569,0
5570,0
5571,0
5573,0
5575,0
5576,0
5577,0
5578,1
5579,0
5580,1
5582,0
5583,0
5584,0
5585,0
5586,0
5587,0
5588,0
5589,0
5591,1
5592,0
5593,0
5594,0
5595,1
5597,0
5598,0
5599,1
5600,0
5601,1
5602,0
5603,0
5604,0
5605,0
5606,0
5607,0
5608,0
5609,0
5610,0
5611,0
5612,0
5613,0
5618,0
5621,0
5624,0
5627,0
5629,0
5631,0
5634,0
5635,0
5644,0
5645,0
5646,0
5648,0
5649,0
5653,0
5654,0
5660,0
5662,0
5663,1
5664,0
5681,0
5682,0
5683,0
5685,0
5686,0
5687,0
5688,0
5689,0
5690,0
5691,0
5692,0
5693,0
5694,0
5695,0
5696,0
5698,0
5699,0
5700,0
5701,0
5702,0
5704,0
5705,0
5706,0
5707,0
5708,0
5710,0
5711,0
5713,0
5715,0
5716,0
5717,0
5718,0
5719,0
5720,0
5721,0
5724,0
5725,0
5728,1
5729,0
5730,0
5737,0
5738,0
5742,0
5743,1
5744,0
5745,0
5746,0
5747,1
5756,0
5757,0
5763,0
5764,0
5768,0
5771,0
5774,0
5775,0
5777,0
5778,0
5780,0
5781,1
5782,0
5783,0
5784,0
5786,0
5787,0
5788,0
5789,0
5791,0
5792,0
5793,0
5794,0
5796,0
5797,0
5798,0
5800,0
5801,0
5802,0
5803,0
5805,0
5806,0
5810,0
5813,0
5814,0
5817,0
5818,0
5819,0
5824,0
5825,0
5828,0
5829,0
5830,1
5834,0
5837,0
5858,0
5859,0
5861,0
5862,0
5863,0
5864,0
5865,0
5866,0
5867,0
5868,0
5869,0
5870,0
5871,0
5872,0
5873,0
5875,0
5876,0
5877,0
5878,0
5879,0
5880,0
5881,0
5883,0
5884,0
5885,0
5886,0
5887,0
5889,0
5891,0
5892,0
5894,0
5898,0
5899,0
5900,0
5901,0
5902,0
5903,0
5905,0
5906,0
5908,0
5910,0
5911,0
5912,0
5917,0
5920,0
5921,0
5922,0
5923,0
5925,1
5926,0
5927,0
5928,0
5929,0
5930,0
5931,0
5932,0
5933,0
5934,0
5936,0
5937,0
5947,0
5954,0
5955,0
5961,0
5962,0
5965,0
5966,0
5970,1
5971,0
5973,0
5976,0
5978,0
5979,1
5980,0
5981,0
5982,0
5983,0
5984,1
5985,0
5987,0
5990,0
5991,0
5992,0
5993,0
5994,0
5996,0
5997,0
5999,0
6000,0
6001,0
6002,0
6004,0
6009,0
6013,0
6014,0
6015,0
6016,0
6018,0
6019,0
6036,0
6041,0
6045,0
6046,0
6047,0
6050,0
6051,0
6059,0
6091,0
6092,0
6094,0
6095,0
6096,0
6100,0
6103,0
6117,1
6118,0
6119,0
6122,0
6124,0
6125,0
6128,0
6129,0
6130,0
6132,0
6133,0
6134,0
6135,0
6136,0
6137,0
6138,0
6139,0
6142,0
6146,0
6147,0
6152,0
6156,0
6158,0
6159,0
6160,0
6165,0
6169,0
6171,0
6175,0
6184,0
6185,0
6187,0
6188,0
6189,0
6191,0
6194,0
6195,0
6196,0
6198,0
6199,0
6201,0
6203,0
6204,0
6205,0
6207,0
6208,0
6209,0
6217,0
6222,0
6223,0
6224,0
6227,0
6230,0
6231,0
6233,0
6234,0
6236,0
6237,0
6239,0
6240,0
6242,0
6249,0
6251,0
6252,0
6256,0
6257,0
6258,0
6259,0
6261,0
6262,0
6263,0
6271,0
6272,0
6275,0
6277,0
6279,0
6280,0
6282,0
6283,0
6284,0
6285,1
6291,0
6294,0
6297,0
6299,0
6300,0
6303,0
6304,0
6305,0
6307,0
6310,0
6311,0
6314,0
6319,0
6320,0
6324,0
6326,0
6330,0
6331,0
6336,0
6340,0
6342,0
6347,0
6349,0
6351,0
6354,0
6355,0
6372,0
6374,0
6383,0
6385,0
6386,0
6387,0
6396,0
6397,0
6399,0
6401,0
6402,0
6404,0
6407,0
6416,0
6418,0
6421,0
6422,0
6426,0
6427,0
6428,0
6429,0
6430,0
6431,0
6432,0
6434,0
6443,0
6444,0
6445,0
6446,0
6447,0
6449,0
6450,0
6452,0
6453,0
6455,0
6456,0
6457,0
6464,1
6468,0
6472,0
6477,0
6478,0
6480,0
6483,0
6491,0
6497,0
6498,0
6499,0
6500,0
6502,0
6503,0
6505,0
6506,0
6507,0
6508,0
6511,0
6515,0
6522,0
6525,0
6529,0
6535,0
6536,0
6539,0
6543,0
6546,0
6547,0
6549,0
6558,0
6566,0
6567,0
6571,0
6579,0
6585,0
6586,0
6588,0
6590,0
6594,0
6595,0
6596,0
6597,0
6599,0
6601,0
6602,0
6603,0
6605,0
6606,0
6611,0
6612,0
6616,0
6617,0
6618,0
6619,0
6620,0
6622,0
6624,0
6625,0
6626,0
6627,0
6628,0
6629,0
6631,0
6632,0
6633,0
6634,0
6635,0
6636,0
6637,0
6638,0
6640,0
6641,0
6642,0
6643,0
6645,0
6647,1
6648,1
6649,0
6651,0
6653,0
6654,0
6655,0
6657,0
6660,0
6662,0
6663,0
6664,0
6667,1
6670,0
6671,0
6672,0
6674,0
6676,0
6678,0
6683,0
6687,0
6688,0
6690,0
6696,0
6697,0
6709,0
6710,0
6711,0
6712,0
6717,0
6720,0
6721,0
6722,0
6726,0
6727,0
6728,0
6729,0
6730,0
6731,0
6732,0
6733,0
6734,0
6737,0
6738,0
6741,0
6742,0
6744,0
6745,0
6746,0
6747,0
6748,0
6749,0
6750,1
6751,0
6752,0
6760,0
6764,0
6767,0
6770,0
6772,0
6773,0
6774,1
6775,0
6776,1
6777,1
6778,0
6780,0
6782,0
6786,0
6788,0
6789,0
6794,1
6801,0
6804,0
6809,0
6810,0
6811,0
6812,0
6814,0
6827,0
6829,0
6832,0
6833,0
6835,0
6837,0
6839,0
6843,0
6844,0
6845,0
6850,0
6853,0
6854,0
6855,0
6856,0
6857,0
6860,0
6861,0
6863,0
6866,0
6867,0
6868,0
6871,0
6872,1
6873,0
6875,0
6876,0
6877,0
6878,0
6879,0
6880,0
6881,0
6882,0
6883,0
6884,0
6885,0
6888,0
6890,0
6891,0
6892,0
6895,0
6897,0
6900,0
6905,0
6907,0
6908,1
6917,0
6921,0
6923,0
6924,0
6925,0
6934,0
6935,0
6938,0
6940,0
6942,0
6944,0
6945,0
6949,0
6950,0
6988,0
6990,0
6992,0
6993,0
6996,0
6997,0
7001,0
7003,0
7005,0
7008,0
7009,0
7011,0
7013,1
7014,1
7016,0
7018,0
7019,0
7024,0
7025,0
7026,0
7027,1
7029,0
7030,0
7035,0
7036,0
7037,0
7038,0
7039,0
7040,1
7041,0
7042,0
7045,0
7046,0
7049,0
7050,0
7052,0
7054,0
7056,0
7057,0
7058,0
7059,0
7064,0
7067,0
7068,0
7070,0
7071,0
7072,0
7073,0
7074,0
7076,0
7077,0
7078,0
7082,0
7087,0
7088,0
7089,0
7090,0
7091,0
7094,0
7095,0
7096,0
7097,0
7098,0
7099,0
7100,0
7102,0
7105,0
7106,0
7110,0
7111,0
7112,0
7114,0
7122,0
7123,0
7124,1
7128,0
7130,0
7132,0
7133,0
7137,0
7138,0
7145,0
7146,0
7150,1
7155,1
7156,0
7157,1
7158,0
7162,0
7163,0
7164,0
7165,0
7167,0
7168,0
7170,0
7171,0
7175,0
7178,0
7181,0
7182,0
7184,0
7185,0
7186,0
7187,0
7189,0
7203,0
7204,0
7216,0
7220,0
7222,0
7223,0
7224,0
7227,0
7247,0
7248,0
7249,0
7251,0
7257,0
7263,0
7265,0
7266,0
7267,0
7270,0
7272,0
7276,0
7277,0
7278,0
7283,0
7284,0
7290,0
7291,0
7292,0
7294,0
7295,1
7296,0
7297,0
7301,0
7305,0
7306,0
7307,0
7311,0
7317,0
7318,0
7319,0
7320,0
7321,0
7322,0
7323,0
7324,0
7325,0
7326,0
7327,0
7328,0
7329,1
7332,0
7334,0
7335,0
7336,0
7337,0
7341,1
7343,0
7345,1
7347,0
7349,0
7351,1
7353,0
7355,0
7357,0
7358,0
7360,0
7372,0
7374,0
7375,0
7376,0
7378,0
7384,0
7385,0
7386,0
7390,0
7392,0
7402,0
7403,0
7404,0
7405,0
7407,0
7408,0
7409,0
7411,0
7412,0
7415,1
7416,0
7417,0
7419,0
7422,1
7423,0
7424,0
7428,0
7430,0
7431,0
7432,0
7433,0
7436,0
7442,0
7443,0
7444,0
7447,0
7448,0
7453,0
7454,0
7456,0
7461,0
7462,0
7464,0
7469,0
7472,0
7474,0
7476,0
7486,1
7494,0
7504,0
7507,1
7508,0
7511,0
7514,0
7515,0
7516,0
7518,0
7520,1
7525,0
7528,0
7529,0
7531,0
7532,0
7533,0
7534,1
7536,0
7538,0
7541,0
7545,0
7546,0
7547,0
7555,0
7556,0
7572,0
7579,0
7589,0
7592,0
7593,0
7597,0
7629,0
7644,0
7695,0
7701,0
7703,0
7704,0
7705,0
7706,0
7707,0
7709,0
7711,0
7718,0
7727,0
7750,0
7753,0
7755,0
7763,0
7770,0
7781,0
7786,0
7791,0
7799,0
7802,0
7803,0
7804,0
7805,0
7812,0
7813,0
7818,0
7832,0
7840,0
7841,0
7844,0
7846,0
7851,0
7852,0
7857,0
7867,0
7874,0
7879,0
7881,0
7884,0
7903,0
7913,0
7916,0
7917,0
7919,0
7920,0
7936,0
7940,0
7941,0
7942,0
7957,0
7965,0
7975,0
7976,0
7979,0
7980,0
7982,0
7991,0
7994,0
8013,0
8019,0
8021,0
8022,0
8027,0
8028,0
8029,0
8030,0
8031,0
8036,0
8045,0
8050,0
8061,0
8065,0
8073,0
8076,0
8078,0
8082,0
8085,0
8087,0
8089,0
8099,0
8100,0
8106,0
8120,0
8125,0
8139,0
8148,0
8153,0
8161,0
8165,0
8174,0
8175,0
8187,0
8189,0
8190,0
8193,0
8195,0
8202,0
8204,0
8208,0
8216,0
8218,0
8224,0
8227,0
8237,0
8239,0
8241,0
8243,0
8260,0
8263,0
8284,0
8287,0
8289,0
8291,0
8292,0
8295,0
8301,0
8302,0
8310,0
8314,0
8315,0
8317,0
8321,0
8323,0
8324,0
8325,0
8337,0
8339,0
8349,0
8382,0
8394,0
8395,0
8396,0
8402,0
8404,0
8405,0
8408,0
8409,0
8411,0
8417,0
8424,0
8428,0
8433,0
8434,0
8436,0
8439,0
8440,0
8443,0
8445,0
8446,0
8447,0
8448,0
8449,0
8450,0
8451,0
8452,0
8453,0
8454,0
8459,0
8460,0
8462,0
8467,0
8470,0
8471,0
8473,0
8476,0
8479,0
8480,1
8481,0
8487,0
8490,0
8491,0
8493,1
8495,0
8496,0
8497,0
8498,0
8499,0
8500,0
8502,0
8503,0
8504,0
8505,0
8506,0
8507,0
8508,0
8514,0
8515,0
8516,0
8517,0
8518,0
8519,0
8520,0
8525,0
8527,0
8528,0
8530,0
8531,0
8534,0
8535,0
8536,0
8537,0
8539,0
8540,0
8541,0
8543,0
8544,0
8545,0
8546,0
8548,0
8550,0
8553,0
8554,0
8555,0
8556,0
8558,0
8562,0
8563,0
8567,0
8569,0
8570,0
8572,0
8573,0
8574,0
8575,0
8578,0
8607,0
8611,0
8612,0
8613,0
8614,0
8615,0
8618,0
8621,0
8625,0
8633,0
8637,0
8638,0
8644,0
8648,0
8649,0
8650,0
8654,0
8655,0
8658,0
8660,1
8661,0
8662,0
8663,0
8664,0
8665,0
8666,0
8667,0
8668,0
8669,0
8671,0
8672,0
8673,0
8674,0
8675,0
8676,0
8678,0
8682,0
8683,0
8692,0
8693,0
8697,0
8715,0
8717,0
8718,0
8720,0
8721,0
8722,0
8723,0
8724,0
8726,0
8727,0
8729,0
8731,0
8732,0
8733,0
8737,0
8738,0
8739,0
8741,0
8743,0
8744,0
8745,0
8754,0
8761,0
8764,0
8766,0
8767,0
8771,0
8772,0
8773,0
8774,0
8775,0
8777,0
8784,0
8785,0
8786,0
8787,0
8790,0
8792,0
8795,0
8797,0
8799,0
8801,0
8802,0
8803,0
8804,0
8805,0
8809,0
8813,0
8814,0
8815,0
8818,0
8819,0
8822,0
8825,0
8826,0
8828,0
8829,0
8833,0
8834,0
8835,0
8837,0
8841,1
8848,0
8850,0
8851,0
8853,0
8859,0
8861,0
8863,0
8864,0
8867,0
8870,0
8871,0
8874,0
8877,0
8878,0
8880,0
8881,0
8882,0
8883,0
8886,0
8887,0
8890,0
8891,0
8892,0
8893,0
8894,0
8895,0
8898,0
8899,0
8900,0
8904,0
8905,0
8906,0
8907,0
8908,0
8910,0
8913,0
8914,0
8915,0
8916,0
8924,0
8925,0
8927,0
8930,0
8932,0
8933,0
8934,0
8935,0
8936,0
8939,0
8940,1
8941,0
8943,0
8945,0
8974,0
8975,0
8976,0
8985,0
8988,0
8992,0
8994,0
8996,0
8997,0
8999,0
9013,0
9014,0
9015,0
9019,0
9020,0
9021,0
9022,0
9024,0
9026,0
9031,0
9039,0
9040,0
9043,0
9044,0
9049,0
9050,0
9051,0
9055,0
9061,0
9063,0
9064,0
9066,0
9069,0
9070,0
9075,0
9076,0
9079,0
9086,0
9087,0
9088,0
9091,0
9092,0
9093,0
9094,0
9098,0
9100,0
9101,0
9104,1
9107,0
9110,0
9111,0
9112,0
9113,0
9114,0
9118,0
9124,0
9126,0
9128,0
9129,0
9131,1
9132,0
9134,0
9135,0
9136,0
9138,0
9139,0
9140,0
9141,0
9149,0
9150,0
9158,0
9159,0
9166,0
9168,0
9169,0
9173,0
9175,0
9179,0
9180,0
9181,0
9182,0
9183,0
9184,1
9185,0
9188,0
9189,0
9191,0
9204,0
9205,0
9208,0
9209,0
9211,0
9217,0
9218,0
9221,0
9223,0
9228,0
9229,0
9230,0
9231,0
9232,0
9238,0
9240,0
9241,1
9242,0
9244,0
9246,0
9252,0
9253,0
9255,0
9256,0
9260,0
9261,0
9265,0
9266,0
9267,0
9270,0
9271,0
9276,0
9278,0
9282,0
9295,0
9296,0
9306,0
9311,0
9312,0
9314,0
9318,0
9319,0
9320,0
9321,0
9322,0
9324,0
9325,0
9326,0
9328,0
9329,0
9330,0
9332,0
9337,0
9338,0
9341,0
9342,0
9344,0
9349,0
9351,0
9352,0
9353,0
9354,0
9355,0
9356,0
9360,0
9363,0
9365,1
9367,0
9368,0
9369,0
9371,0
9372,0
9373,0
9375,0
9377,0
9378,0
9379,0
9380,0
9382,0
9391,0
9397,0
9400,0
9404,0
9406,0
9409,0
9410,0
9411,0
9412,0
9413,0
9414,0
9419,0
9423,0
9425,0
9439,0
9440,0
9441,0
9442,0
9443,0
9444,0
9445,0
9446,0
9448,0
9454,0
9455,0
9456,0
9457,0
9459,0
9462,0
9463,0
9465,0
9466,0
9467,0
9470,0
9472,0
9474,0
9475,0
9477,0
9478,0
9479,0
9489,0
9491,0
9495,0
9497,0
9498,0
9499,0
9500,0
9507,0
9510,0
9512,0
9513,0
9514,0
9516,0
9517,0
9519,0
9521,0
9522,0
9525,0
9527,0
9530,0
9531,0
9532,0
9533,0
9535,0
9540,0
9541,0
9542,0
9543,0
9545,0
9546,0
9550,0
9552,0
9554,0
9555,0
9562,0
9564,0
9568,0
9570,0
9575,1
9580,0
9581,0
9584,0
9586,0
9587,0
9588,0
9589,0
9590,0
9595,0
9600,0
9603,0
9604,0
9610,0
9611,1
9615,0
9616,0
9618,0
9627,0
9630,0
9631,0
9632,0
9636,0
9637,0
9638,0
9640,0
9643,0
9644,0
9646,0
9647,0
9649,0
9650,0
9652,0
9655,0
9656,0
9657,0
9659,0
9662,0
9666,0
9667,0
9669,0
9670,0
9672,0
9685,0
9686,0
9690,0
9693,0
9695,0
9697,0
9698,0
9699,0
9701,0
9702,0
9706,0
9709,0
9711,0
9712,0
9722,0
9727,0
9729,0
9730,0
9733,0
9734,0
9735,0
9737,0
9741,0
9746,0
9747,0
9748,0
9758,0
9759,0
9764,0
9765,0
9770,0
9771,0
9774,0
9775,0
9779,0
9781,0
9782,0
9784,0
9785,0
9788,0
9792,0
9794,0
9796,0
9798,0
9802,0
9804,0
9806,0
9810,0
9814,0
9816,0
9817,0
9818,0
9820,0
9821,0
9823,0
9825,0
9826,0
9829,0
9839,0
9841,0
9842,0
9844,0
9849,0
9852,0
9853,0
9855,0
9856,0
9857,0
9859,0
9861,0
9863,0
9867,0
9868,0
9869,0
9871,0
9873,0
9874,0
9877,0
9878,0
9882,0
9883,0
9887,0
9891,0
9892,0
9894,0
9898,0
9899,0
9900,0
9901,0
9904,0
9905,0
9907,0
9908,0
9911,0
9913,0
9918,0
9919,0
9921,0
9924,0
9927,0
9931,0
9935,0
9939,0
9943,0
9948,0
9950,0
9961,0
9966,0
9967,0
9968,0
9969,0
9972,0
9973,0
9975,0
9978,0
9984,0
9988,0
9990,0
9993,0
9994,0
10000,0
10001,0
10006,0
10007,0
10009,0
10010,0
10011,0
10013,0
10014,0
10015,0
10016,0
10018,0
10019,0
10020,0
10023,0
10025,0
10026,0
10036,0
10038,0
10039,0
10040,0
10042,0
10043,0
10044,0
10048,0
10049,0
10051,0
10054,0
10055,0
10059,0
10060,0
10062,0
10063,0
10066,0
10067,0
10069,0
10072,0
10073,0
10075,0
10076,0
10078,0
10081,0
10083,0
10084,0
10085,0
10087,0
10092,0
10093,0
10095,0
10096,0
10097,0
10099,0
10105,0
10106,0
10109,0
10110,0
10111,0
10113,0
10114,0
10116,0
10120,0
10121,0
10123,0
10124,0
10125,0
10126,0
10127,0
10128,0
10130,0
10133,0
10138,0
10139,0
10140,0
10142,0
10146,0
10147,0
10148,0
10152,0
10153,0
10155,0
10156,0
10163,0
10164,0
10168,0
10169,0
10174,0
10179,0
10188,0
10189,0
10190,0
10193,0
10197,0
10199,0
10200,0
10203,0
10204,0
10209,0
10211,0
10212,0
10213,0
10215,0
10217,0
10221,0
10226,0
10228,0
10231,0
10235,0
10236,0
10238,0
10239,0
10241,0
10243,0
10244,0
10248,0
10249,0
10250,0
10252,0
10253,0
10254,0
10256,0
10260,0
10262,0
10263,0
10266,0
10267,0
10268,0
10270,0
10272,0
10273,1
10274,0
10276,0
10277,0
10278,0
10280,0
10282,0
10284,0
10285,0
10287,0
10288,0
10291,0
10294,0
10295,0
10297,0
10298,0
10300,0
10301,0
10302,0
10307,0
10309,0
10313,0
10314,0
10318,0
10320,0
10325,0
10327,0
10330,0
10333,0
10335,0
10342,0
10345,0
10346,0
10360,0
10362,0
10363,0
10365,0
10368,0
10369,0
10370,0
10371,0
10376,0
10379,0
10382,0
10383,0
10391,0
10392,0
10393,0
10395,0
10397,0
10398,0
10399,0
10401,0
10406,0
10411,0
10413,0
10418,0
10419,0
10420,0
10421,0
10422,0
10425,0
10426,0
10427,0
10428,0
10430,0
10434,0
10438,0
10440,0
10444,0
10445,0
10449,0
10450,0
10451,0
10457,0
10458,0
10459,0
10461,0
10463,0
10466,0
10467,0
10468,0
10469,0
10471,0
10472,0
10474,0
10475,0
10477,0
10478,0
10480,0
10482,0
10483,0
10484,0
10486,0
10487,0
10488,0
10489,0
10490,0
10492,0
10494,0
10495,0
10498,0
10499,0
10505,0
10507,0
10509,0
10512,0
10513,0
10514,0
10516,0
10519,0
10521,0
10524,0
10526,0
10527,0
10528,0
10529,0
10533,0
10539,0
10540,0
10541,0
10542,0
10544,0
10549,0
10550,0
10552,0
10553,0
10556,0
10557,0
10558,0
10562,0
10564,0
10565,0
10567,0
10569,0
10570,0
10572,0
10573,0
10574,0
10575,0
10576,0
10577,0
10579,0
10580,0
10581,0
10587,0
10588,0
10589,0
10590,0
10592,0
10594,0
10598,0
10602,0
10603,0
10605,0
10606,0
10607,0
10608,0
10610,0
10611,0
10612,0
10614,0
10615,0
10616,0
10617,0
10618,0
10621,0
10623,0
10625,0
10626,0
10628,0
10630,0
10636,0
10640,0
10645,0
10652,0
10653,0
10656,0
10657,0
10661,0
10664,0
10666,0
10670,0
10672,0
10673,0
10675,0
10677,0
10681,0
10691,0
10694,0
10713,0
10716,0
10717,0
10718,0
10724,0
10725,0
10726,0
10728,0
10730,0
10733,0
10735,0
10736,0
10741,0
10742,0
10743,0
10746,0
10748,0
10749,0
10755,0
10758,0
10762,0
10763,0
10765,0
10766,0
10768,0
10769,0
10771,0
10772,0
10773,0
10775,0
10782,0
10785,0
10787,0
10799,0
10801,0
10802,0
10804,0
10807,0
10808,0
10810,0
10811,0
10813,0
10814,0
10815,0
10817,0
10818,0
10844,0
10846,0
10848,0
10849,0
10856,0
10857,0
10859,0
10865,0
10868,0
10885,0
10886,0
10890,0
10892,0
10897,0
10898,0
10900,0
10902,0
10905,0
10906,0
10907,0
10910,0
10912,0
10913,0
10914,0
10915,0
10916,0
10920,0
10921,0
10922,0
10923,0
10926,0
10927,0
10928,0
10929,0
10933,0
10935,0
10938,0
10939,0
10940,0
10945,0
10946,0
10949,0
10950,0
10952,0
10953,0
10954,0
10956,0
10957,0
10959,0
10961,0
10963,0
10970,0
10971,0
10972,0
10973,0
10980,0
10982,0
10987,0
10988,0
10989,0
10991,0
10992,0
10994,0
11011,0
11016,0
11018,0
11021,0
11030,0
11031,0
11033,0
11034,0
11040,0
11043,0
11047,0
11051,0
11052,0
11059,0
11061,0
11063,0
11064,0
11065,0
11068,0
11069,0
11075,0
11076,0
11078,0
11079,0
11082,0
11091,0
11097,0
11099,0
11100,0
11102,0
11103,0
11104,0
11108,0
11113,0
11116,0
11117,0
11122,0
11124,0
11127,0
11128,0
11129,0
11130,0
11133,0
11135,0
11137,0
11138,0
11140,0
11141,0
11142,0
11143,0
11144,0
11145,0
11146,0
11147,0
11151,0
11153,0
11156,0
11157,0
11165,0
11168,0
11170,0
11171,0
11177,0
11179,0
11180,0
11183,0
11188,0
11193,0
11194,0
11196,0
11198,0
11201,0
11213,0
11214,0
11215,0
11216,0
11217,0
11218,0
11219,0
11221,0
11228,0
11230,0
11231,0
11235,0
11236,0
11244,0
11248,0
11249,0
11252,0
11258,0
11260,0
11264,0
11266,0
11267,0
11273,0
11274,0
11275,0
11276,0
11277,0
11279,0
11282,0
11284,0
11311,0
11313,0
11315,0
11316,0
11319,0
11321,0
11325,0
11326,0
11329,0
11332,0
11333,0
11335,0
11336,0
11337,0
11338,0
11339,0
11340,0
11343,0
11344,0
11345,0
11346,0
22794,0
22795,0
22796,0
22797,0
22800,0
22803,0
22808,0
22818,0
22820,0
22821,0
22822,0
22823,0
22824,0
22827,0
22832,0
22834,0
22839,0
22841,0
22843,0
22853,0
22858,0
22859,0
22861,0
22864,0
22866,0
22869,0
22871,0
22872,0
22877,0
22881,0
22882,0
22884,0
22885,0
22887,0
22888,0
22889,0
22893,0
22894,0
22895,0
22900,0
22902,0
22903,0
22905,0
22906,0
22907,0
22908,0
22911,0
22913,0
22915,0
22916,0
22918,0
22919,0
22920,0
22924,0
22926,0
22927,0
22929,0
22930,0
22931,0
22933,0
22934,0
22936,0
22937,0
22938,0
22941,0
22943,0
22948,0
22954,0
22955,0
22976,0
22977,0
22978,0
22980,0
22981,0
22983,0
22985,0
22986,0
22992,0
22995,0
22999,0
23002,0
23005,0
23012,0
23013,0
23014,0
23016,0
23017,0
23019,0
23020,0
23022,0
23026,0
23028,0
23030,0
23031,0
23032,0
23034,0
23037,0
23038,0
23039,0
23042,0
23043,0
23048,0
23049,0
23051,0
23054,0
23059,0
23060,0
23062,0
23063,0
23066,0
23071,0
23072,0
23075,0
23076,0
23077,0
23078,0
23082,0
23085,0
23086,0
23089,0
23090,0
23092,0
23095,0
23097,0
23099,0
23101,0
23109,0
23111,0
23112,0
23114,0
23119,0
23122,0
23125,0
23126,0
23129,0
23131,0
23132,0
23136,0
23138,0
23139,0
23149,0
23150,0
23152,0
23154,0
23157,0
23161,0
23162,0
23163,0
23172,0
23176,0
23179,0
23181,0
23189,0
23190,0
23191,0
23192,0
23193,0
23197,0
23199,0
23203,0
23204,0
23207,0
23208,0
23209,0
23212,0
23214,0
23216,0
23219,0
23223,0
23224,0
23225,0
23228,0
23229,0
23231,0
23233,0
23235,0
23236,0
23241,0
23248,0
23253,0
23256,0
23263,0
23264,0
23265,0
23266,0
23270,0
23277,0
23279,0
23281,0
23283,0
23286,0
23287,0
23291,0
23294,0
23299,0
23301,0
23303,0
23304,0
23305,0
23309,0
23312,0
23314,0
23316,0
23321,0
23327,0
23332,0
23339,0
23345,0
23348,0
23352,0
23353,0
23355,0
23360,0
23367,0
23368,0
23369,0
23370,0
23371,0
23373,0
23378,0
23380,0
23381,0
23385,0
23386,0
23387,0
23389,0
23390,0
23392,0
23396,0
23401,0
23405,0
23410,0
23411,1
23412,0
23413,0
23414,0
23420,0
23421,0
23424,0
23426,0
23429,0
23433,0
23435,0
23450,0
23451,0
23462,0
23463,0
23467,0
23468,0
23471,0
23474,0
23476,0
23492,0
23499,0
23512,0
23513,0
23517,0
23518,0
23521,0
23522,0
23523,0
23524,0
23529,0
23534,0
23542,0
23543,0
23545,0
23549,0
23551,0
23552,0
23555,0
23557,0
23558,0
23559,0
23560,0
23564,0
23566,0
23567,0
23568,0
23580,0
23582,0
23583,0
23586,0
23588,0
23592,0
23593,0
23594,0
23595,0
23598,0
23601,0
23604,0
23607,0
23608,0
23613,0
23620,0
23621,0
23633,0
23635,0
23636,0
23637,0
23640,0
23641,0
23643,0
23645,0
23647,0
23648,0
23649,0
23658,0
23659,0
23673,0
23677,0
23678,0
23683,0
23704,0
23705,0
23708,0
23710,0
23741,0
23760,0
23761,0
23762,0
23764,0
23767,0
23770,0
23774,0
23779,0
23780,0
23786,0
23787,0
24137,0
24138,0
24145,0
24148,0
25759,0
25766,0
25782,0
25788,0
25791,0
25793,0
25796,0
25798,0
25801,0
25802,0
25804,0
25805,0
25814,0
25816,0
25820,0
25824,0
25825,0
25827,0
25831,0
25836,0
25837,0
25839,0
25842,0
25843,0
25844,0
25853,0
25855,0
25861,0
25862,0
25865,0
25870,0
25873,0
25876,0
25885,0
25888,0
25890,0
25894,0
25897,0
25898,0
25900,0
25904,0
25911,0
25913,0
25915,0
25917,0
25920,0
25924,0
25925,0
25926,0
25928,0
25929,0
25930,0
25932,0
25936,0
25945,0
25950,0
25953,0
25957,0
25970,0
25975,0
25976,0
25977,0
25978,0
25988,0
25998,0
26003,0
26013,0
26017,0
26019,0
26020,0
26031,0
26033,0
26034,0
26036,0
26037,0
26040,0
26047,0
26052,0
26054,0
26056,0
26058,0
26059,0
26060,0
26064,0
26071,0
26073,0
26088,0
26091,0
26092,0
26100,0
26119,0
26128,0
26130,0
26133,0
26135,0
26136,0
26145,0
26146,0
26151,0
26152,0
26155,0
26160,0
26168,0
26190,0
26205,0
26206,0
26207,0
26224,0
26225,0
26227,0
26230,0
26234,0
26235,0
26240,0
26249,0
26256,0
26258,0
26259,0
26260,0
26268,0
26269,0
26270,0
26271,0
26273,0
26276,0
26277,0
26278,0
26286,0
26287,0
26289,0
26297,0
26353,0
26354,0
26355,0
26469,0
26471,0
26502,0
26505,0
26511,0
26523,0
26524,0
26578,0
26585,0
26586,0
26747,0
26750,0
26959,1
26960,0
26973,0
26985,0
26986,0
26993,0
26994,0
26999,0
27000,0
27012,0
27018,0
27019,0
27030,0
27031,0
27043,0
27044,0
27067,0
27072,0
27086,0
27089,0
27095,0
27101,0
27102,0
27107,0
27111,0
27113,0
27122,0
27123,0
27125,0
27130,0
27131,0
27133,0
27141,0
27148,0
27161,0
27165,0
27173,0
27175,0
27183,0
27229,0
27230,0
27232,0
27236,0
27238,0
27242,0
27243,0
27244,0
27246,0
27247,0
27250,0
27252,0
27253,0
27257,0
27258,0
27286,0
27289,0
27292,0
27297,0
27301,0
27304,0
27314,0
27316,0
27332,0
27335,0
27336,0
27339,0
27342,0
27344,0
27347,0
27348,0
27352,0
27429,0
27436,0
27445,0
28232,0
28511,0
28512,0
28514,0
28951,0
28952,0
28954,0
28956,0
28962,0
28964,0
28965,0
28966,0
28973,0
28977,0
28985,0
28986,0
28987,0
28988,0
28991,0
28992,0
28996,0
29028,0
29062,0
29066,0
29068,0
29070,0
29072,0
29079,0
29082,0
29085,0
29091,0
29098,0
29102,0
29106,0
29108,0
29109,0
29110,0
29115,0
29116,0
29117,0
29123,0
29127,0
29760,0
29761,0
29767,0
29780,0
29789,0
29843,0
29844,0
29855,0
29882,0
29883,0
29888,0
29893,0
29894,0
29896,0
29899,0
29903,0
29904,0
29907,0
29911,0
29915,0
29920,0
29922,0
29924,0
29927,0
29928,0
29935,0
29946,0
29950,0
29952,0
29956,0
29959,0
29967,0
29970,0
29978,0
29979,0
29982,0
29990,0
29992,0
29993,0
29994,0
30000,0
30001,0
30008,0
30010,0
30011,0
30061,0
30811,0
30812,0
30815,0
30818,0
30819,0
30820,0
30827,0
30834,0
30835,0
30836,0
30837,0
30845,0
30846,0
30849,0
30851,0
30968,0
49854,0
50484,0
50488,0
50507,0
50509,0
50511,0
50512,0
50617,0
50618,0
50619,0
50626,0
50628,0
50632,0
50649,0
50650,0
50717,0
50807,0
50813,0
50848,0
50855,0
50859,0
50862,0
50944,0
51003,0
51004,0
51008,0
51010,0
51013,0
51014,0
51019,0
51022,0
51024,0
51028,0
51035,0
51042,0
51046,0
51053,0
51059,0
51068,0
51070,0
51073,0
51074,0
51076,0
51078,0
51079,0
51082,0
51085,0
51094,0
51099,0
51100,0
51102,0
51106,0
51107,0
51108,0
51122,0
51125,0
51127,0
51132,0
51133,0
51135,0
51141,0
51143,0
51147,0
51155,0
51157,0
51160,0
51164,0
51168,0
51171,0
51172,0
51176,0
51177,0
51182,0
51186,0
51187,0
51191,0
51193,0
51194,0
51196,0
51199,0
51206,0
51225,0
51226,0
51246,0
51247,0
51248,0
51252,0
51257,0
51268,0
51272,0
51274,0
51282,0
51283,0
51284,0
51285,0
51286,0
51295,0
51297,0
51304,0
51317,0
51319,0
51322,0
51324,0
51327,0
51329,0
51330,0
51340,0
51341,0
51343,0
51347,0
51361,0
51362,0
51363,0
51364,0
51365,0
51366,0
51367,0
51371,0
51377,0
51382,0
51388,0
51389,0
51397,0
51399,0
51402,0
51421,0
51422,0
51426,0
51429,0
51433,0
51434,0
51440,0
51444,0
51447,0
51455,0
51460,0
51465,0
51466,0
51474,0
51477,0
51495,0
51497,0
51499,0
51510,0
51513,0
51514,0
51520,0
51523,0
51528,0
51534,0
51535,0
51538,0
51545,0
51547,0
51548,1
51550,0
51552,0
51554,0
51555,0
51560,0
51562,0
51566,0
51567,0
51573,0
51586,0
51588,0
51592,0
51593,0
51594,0
51599,0
51601,0
51606,0
51616,0
51619,0
51621,0
51631,0
51645,0
51647,0
51651,0
51654,0
51655,0
51657,0
51660,0
51667,0
51669,0
51676,0
51678,0
51690,0
51691,0
51692,0
51693,0
51699,0
51700,0
51701,0
51705,0
51706,0
51710,0
51719,0
51720,0
51726,0
51727,0
51729,0
51735,0
51741,0
51742,0
51747,0
51751,0
51752,0
51754,0
51755,0
51762,0
51763,0
51764,0
51773,0
51807,0
51808,0
53335,0
53339,0
53353,0
53358,0
53407,0
53615,0
53616,0
53822,0
53834,0
53916,0
53938,0
53944,0
54014,0
54033,0
54102,0
54106,0
54107,0
54108,0
54165,0
54205,0
54206,0
54209,0
54210,0
54212,0
54331,0
54344,0
54345,0
54386,0
54407,0
54413,0
54431,0
54433,0
54434,0
54440,0
54442,0
54443,0
54453,0
54457,0
54458,0
54461,0
54462,0
54464,0
54469,0
54471,0
54472,0
54475,0
54476,0
54477,0
54487,0
54505,0
54512,0
54518,0
54521,0
54532,0
54535,0
54538,0
54540,0
54541,0
54550,0
54552,0
54556,0
54557,0
54583,0
54602,0
54606,0
54622,0
54625,0
54663,0
54665,0
54675,0
54680,0
54700,0
54704,0
54708,0
54737,0
54739,0
54749,0
54756,0
54764,0
54778,0
54810,0
54812,0
54815,0
54819,0
54820,0
54822,0
54825,0
54826,0
54836,0
54840,1
54843,0
54855,0
54856,0
54861,0
54862,0
54867,0
54874,0
54880,0
54881,0
54900,0
54902,0
54903,0
54908,0
54910,0
54913,0
54919,0
54921,0
54923,0
54925,0
54926,0
54929,0
54933,0
54935,0
54936,0
54938,0
54939,0
54949,0
54951,0
54957,0
54961,0
54962,0
54968,0
54971,0
54972,0
54973,0
54977,0
54985,0
54998,0
55003,0
55008,0
55011,0
55013,0
55014,0
55023,0
55030,0
55031,0
55035,0
55037,0
55040,0
55041,0
55048,0
55054,0
55055,0
55062,0
55068,0
55070,0
55075,0
55081,0
55090,0
55093,0
55095,0
55103,0
55108,0
55109,0
55111,0
55114,0
55119,0
55120,0
55122,0
55127,0
55139,0
55140,0
55144,0
55145,0
55146,0
55147,0
55148,0
55160,0
55170,0
55174,0
55177,0
55182,0
55183,0
55186,0
55187,0
55188,0
55191,0
55193,0
55198,0
55199,0
55201,0
55207,0
55209,0
55219,0
55223,0
55225,0
55227,0
55229,0
55230,0
55233,0
55236,0
55240,0
55250,0
55252,0
55258,0
55269,0
55272,0
55274,0
55280,0
55284,0
55285,0
55290,0
55291,0
55294,0
55297,0
55299,0
55308,0
55312,0
55324,0
55325,0
55327,0
55329,0
55330,0
55333,0
55339,0
55342,0
55361,0
55374,0
55435,0
55437,0
55450,0
55504,0
55509,0
55527,0
55534,0
55540,0
55568,0
55577,0
55578,0
55585,0
55588,0
55589,0
55593,0
55596,0
55602,0
55603,0
55607,0
55611,0
55612,0
55616,0
55617,0
55619,0
55620,0
55622,0
55625,0
55629,0
55632,0
55643,0
55644,0
55646,0
55658,0
55660,0
55661,0
55662,0
55664,0
55665,0
55666,0
55669,0
55677,0
55679,0
55680,0
55681,0
55683,0
55690,0
55692,0
55698,0
55700,0
55704,0
55705,0
55707,0
55709,0
55713,0
55714,0
55715,0
55718,0
55728,0
55729,0
55734,0
55737,0
55738,0
55740,0
55741,0
55742,0
55743,0
55746,0
55748,0
55749,0
55750,0
55752,0
55755,0
55756,0
55758,0
55761,0
55763,0
55768,0
55769,0
55770,0
55777,0
55785,0
55793,0
55795,0
55798,0
55800,0
55802,0
55803,0
55805,0
55806,0
55814,0
55815,0
55816,0
55819,0
55823,0
55824,0
55827,0
55832,0
55835,0
55837,0
55840,0
55844,0
55851,0
55859,0
55861,0
55869,0
55870,0
55872,0
55884,0
55885,0
55898,0
55902,0
55905,0
55914,0
55916,0
55922,0
55929,0
55964,0
55966,0
55968,0
55970,0
55973,0
56034,0
56252,0
56259,0
56267,0
56288,0
56311,0
56341,0
56474,0
56477,0
56478,0
56479,0
56605,0
56616,0
56623,0
56647,0
56648,0
56654,0
56655,0
56658,0
56674,0
56681,0
56848,0
56850,0
56852,0
56882,0
56893,0
56896,0
56899,0
56901,0
56902,0
56904,0
56906,0
56915,0
56924,0
56937,0
56938,0
56940,0
56944,0
56945,0
56949,0
56950,0
56952,0
56957,0
56961,0
56970,0
56990,0
56992,0
56993,0
56996,0
56997,0
56998,0
57003,0
57017,0
57018,0
57019,0
57030,0
57050,0
57060,0
57062,0
57085,0
57088,0
57092,0
57097,0
57099,0
57104,0
57120,0
57125,0
57126,0
57132,0
57134,0
57142,0
57143,0
57144,0
57147,0
57154,0
57162,0
57169,0
57175,0
57178,0
57179,0
57180,0
57192,0
57216,0
57223,0
57325,0
57326,0
57333,0
57381,0
57396,0
57403,0
57409,0
57447,0
57448,0
57459,0
57472,0
57486,0
57489,0
57492,0
57496,0
57498,0
57502,0
57504,0
57505,0
57506,0
57510,0
57521,0
57522,0
57523,0
57524,0
57531,0
57532,0
57534,0
57540,0
57542,0
57546,0
57551,0
57553,0
57554,0
57555,0
57556,0
57559,0
57560,0
57562,0
57563,0
57576,0
57584,0
57586,0
57596,0
57605,0
57617,0
57619,0
57620,0
57622,0
57630,0
57634,0
57646,0
57649,0
57658,0
57662,0
57670,0
57679,0
57680,0
57689,0
57692,0
57695,0
57698,0
57703,0
57707,0
57708,0
57715,0
57718,0
57719,0
57724,0
57727,0
57731,0
57761,0
57763,0
57786,0
57787,0
57799,0
57804,0
57805,0
57817,0
57819,0
57820,0
57829,0
57862,0
58155,0
58157,0
58190,0
58473,0
58477,0
58480,0
58487,0
58490,0
58494,0
58497,0
58500,0
58506,0
58512,0
58513,0
58516,0
58525,0
58526,0
58528,0
58529,0
58533,0
59269,0
59274,0
59277,0
59286,0
59307,0
59338,0
59343,0
59345,0
59348,0
59349,0
59350,0
60312,0
60313,0
60412,0
60436,0
60468,0
60485,0
60490,0
60491,0
60492,0
60496,0
60561,0
60592,0
60626,0
63827,0
63875,0
63891,0
63898,0
63915,0
63916,0
63922,0
63925,0
63940,0
63941,0
63943,0
63973,0
63974,0
64061,0
64081,0
64092,0
64098,0
64112,0
64121,0
64127,0
64130,0
64145,0
64170,0
64210,0
64215,0
64218,0
64219,0
64223,0
64225,0
64320,0
64321,0
64324,0
64326,0
64328,0
64332,0
64333,0
64343,0
64344,0
64374,0
64375,0
64376,0
64388,0
64395,0
64397,0
64398,0
64400,0
64403,0
64407,0
64420,0
64421,0
64422,0
64425,0
64426,0
64429,0
64434,0
64506,0
64601,0
64699,0
64708,0
64710,0
64743,0
64745,0
64746,0
64750,0
64753,0
64754,0
64756,0
64769,0
64773,0
64777,0
64780,0
64784,0
64795,0
64800,0
64805,0
64837,0
64844,0
64847,0
64857,0
64866,0
64919,0
64965,0
64968,0
65005,0
65056,0
65057,0
65078,0
65080,0
65095,0
65108,0
65109,0
65110,0
65117,0
65125,0
65220,0
65264,0
65268,0
65979,0
65990,0
65991,0
65993,0
66008,0
66036,0
78987,0
78994,0
79003,0
79004,0
79023,0
79026,0
79027,0
79039,0
79042,0
79047,0
79048,0
79050,0
79077,0
79080,0
79084,0
79088,0
79090,0
79101,0
79109,0
79137,0
79139,0
79142,0
79152,0
79155,0
79159,0
79165,0
79171,0
79172,0
79183,0
79184,0
79187,0
79188,0
79364,0
79365,0
79444,0
79571,0
79576,0
79577,0
79586,0
79589,0
79595,0
79607,0
79612,0
79613,0
79633,0
79637,0
79641,0
79643,0
79656,0
79657,0
79658,0
79660,0
79666,0
79673,0
79676,0
79682,0
79690,0
79693,0
79696,0
79699,0
79706,0
79710,0
79718,0
79719,0
79720,0
79723,0
79735,0
79753,0
79760,0
79763,0
79796,0
79800,0
79801,0
79813,0
79817,0
79833,0
79836,0
79837,0
79840,0
79850,0
79856,0
79868,0
79869,0
79870,0
79872,0
79873,0
79876,0
79882,0
79885,0
79890,0
79902,0
79915,0
79937,0
79939,0
79947,0
79959,0
79960,0
79980,0
79987,0
79991,0
80013,0
80023,0
80031,0
80063,0
80108,0
80124,0
80125,0
80128,0
80142,0
80143,0
80145,0
80146,0
80152,0
80153,0
80155,0
80174,0
80176,0
80196,0
80204,0
80205,0
80212,0
80223,0
80227,0
80228,0
80230,0
80237,0
80243,0
80254,0
80279,0
80306,0
80308,0
80309,0
80310,0
80314,0
80318,0
80319,0
80321,0
80325,0
80331,0
80332,0
80333,0
80344,0
80345,0
80347,0
80349,0
80351,0
80700,0
80705,0
80723,0
80725,0
80762,0
80764,0
80781,0
80817,0
80823,0
80824,0
80851,0
80852,0
80854,0
80856,0
80895,0
81488,0
81493,0
81551,0
81555,0
81557,0
81559,0
81566,0
81576,0
81605,0
81608,0
81609,0
81618,0
81628,0
81631,0
81704,0
81793,0
81847,0
81858,0
81873,0
81875,0
81876,0
81890,0
81928,0
81930,0
81932,0
83394,0
83439,0
83440,0
83442,0
83444,0
83452,0
83464,0
83478,0
83540,0
83547,0
83548,0
83593,0
83595,0
83596,0
83637,0
83640,0
83641,0
83658,0
83666,0
83667,0
83700,0
83706,0
83707,0
83714,0
83732,0
83734,0
83737,0
83746,0
83759,0
83860,0
83871,0
83874,0
83931,0
83937,0
83941,0
83985,0
83988,0
83992,0
83999,0
84056,0
84062,0
84064,0
84065,0
84067,0
84078,0
84079,0
84085,0
84100,0
84105,0
84106,0
84108,0
84142,0
84148,0
84152,0
84164,0
84172,0
84181,0
84186,0
84191,0
84206,0
84218,0
84219,0
84220,0
84231,0
84232,0
84245,0
84246,0
84248,0
84254,0
84256,0
84258,0
84260,0
84271,0
84272,0
84277,0
84280,0
84285,0
84287,0
84289,0
84292,0
84298,0
84312,0
84313,0
84324,0
84331,0
84332,0
84335,0
84337,0
84376,0
84440,0
84441,0
84445,0
84446,0
84461,0
84465,0
84466,0
84498,0
84516,0
84525,0
84527,0
84557,0
84572,0
84622,0
84628,0
84632,0
84661,0
84662,0
84674,0
84680,0
84701,0
84705,0
84707,0
84708,0
84726,0
84735,0
84759,0
84775,0
84790,0
84812,0
84816,0
84817,0
84823,0
84833,0
84838,0
84859,0
84867,0
84878,0
84893,0
84897,0
84905,0
84911,0
84914,0
84919,0
84920,0
84922,0
84932,0
84950,0
84957,0
84959,0
84960,0
84962,0
84966,0
84967,0
84968,0
84978,0
84986,0
84988,0
84991,0
84992,0
84993,0
85015,0
85021,0
85300,0
85302,0
85313,0
85358,0
85377,0
85403,0
85406,0
85409,0
85415,0
85417,0
85439,0
85440,0
85444,0
85445,0
85450,0
85456,0
85458,0
85461,0
85464,0
85480,0
85865,0
88455,0
89790,0
89796,0
89797,0
89866,0
89885,0
89941,0
89953,0
90102,0
90121,0
90249,0
90268,0
90390,0
90410,0
90411,0
90480,0
90594,0
90627,0
90678,0
90780,0
90799,0
90865,0
90933,0
91010,0
91147,0
91526,0
91544,0
91582,0
91647,0
91653,0
91746,0
91752,0
91754,0
91768,0
91782,0
91949,0
92105,0
92170,0
92335,0
92344,0
92595,0
92609,0
92610,0
92737,0
92755,0
92797,0
92806,0
92815,0
92822,0
92840,0
92856,0
92906,0
93145,0
93185,0
93343,0
93487,0
93611,0
93621,0
93643,0
93649,0
93663,0
93664,0
93973,0
93974,0
94032,0
94039,0
94103,0
94120,0
94122,0
94274,0
96764,0
103910,0
112399,0
112476,0
112483,0
112574,0
112840,0
112936,0
112939,0
112950,0
113026,0
113091,0
113174,0
113263,0
114034,0
114088,0
114327,0
114569,0
114571,0
114609,0
114769,0
114790,0
114793,0
114815,0
114822,0
114823,0
114836,0
114897,0
114907,0
114928,0
114932,0
114990,0
115106,0
115201,0
115265,0
115290,0
115426,0
115509,0
115817,0
115827,0
116154,0
116461,0
116844,0
116983,0
116985,0
116986,0
116987,0
117145,0
117154,0
117177,0
117178,0
117246,0
117248,0
117581,0
117583,0
118424,0
118426,0
118429,0
118460,0
118738,0
118788,0
119587,0
121268,0
121506,0
121536,0
122786,0
122953,0
123016,0
123169,0
123228,0
123920,0
124402,0
124790,0
124925,0
125150,0
125170,0
125476,0
125950,0
126070,0
126272,0
126282,0
126382,0
126393,0
126823,0
127002,0
127833,0
127933,0
128434,0
128866,0
128869,0
129531,0
129563,0
129685,0
129807,0
130399,0
130497,0
130617,0
130872,0
130916,0
131034,0
131408,0
132320,0
133418,0
133746,0
134266,0
134353,0
134510,0
134728,0
134957,0
136319,0
137492,0
137886,0
138046,0
140290,0
140459,0
140461,0
140462,0
140609,0
140691,0
140735,0
140767,0
140825,0
140885,0
140890,0
142678,0
142679,0
142891,0
143187,0
143689,0
144165,0
144245,0
144347,0
145270,0
145957,0
146691,0
146712,0
146722,0
146845,0
147179,0
147687,0
148022,0
148156,0
148170,0
148281,0
149371,0
149420,0
149483,0
149986,0
150084,0
150094,0
150372,0
150472,0
150684,0
151188,0
151246,0
151531,0
151636,0
151648,0
151742,0
151987,0
152137,0
152503,0
152789,0
153090,0
153443,0
153733,0
154796,0
155382,0
157310,0
157574,0
158358,0
158471,0
158798,0
159195,0
160622,0
160851,0
161582,0
161742,0
161882,0
162989,0
163051,0
163126,0
163590,0
163732,0
163882,0
165918,0
166336,0
166647,0
167227,0
168667,0
170261,0
170463,0
170506,0
170954,0
171392,0
171568,0
196383,0
196403,0
196441,0
196513,0
196528,0
197131,0
199731,0
199745,0
200186,0
200558,0
200576,0
200734,0
200958,0
201176,0
201254,0
201456,0
202333,0
202559,0
203260,0
204851,0
219541,0
219699,0
219771,0
220108,0
220164,0
220388,0
220972,0
220988,0
221037,0
221079,0
221154,0
221184,0
221264,0
221302,0
221458,0
221692,0
221895,0
221955,0
222484,0
222643,0
245806,0
245812,0
246184,0
252969,0
252983,0
252995,0
253461,0
253725,0
253980,0
254170,0
254887,0
255426,0
255967,0
256364,0
257218,0
257364,0
259230,0
260425,0
266812,0
282991,0
283149,0
283455,0
283629,0
284004,0
284058,0
284119,0
284307,0
284358,0
285220,0
285381,0
285464,0
285527,0
285596,0
286204,0
333926,0
337867,0
338692,0
339230,0
339344,0
340205,0
342184,0
342667,0
344148,0
344558,0
348487,0
348995,0
359845,0
374291,0
374618,0
374659,0
375790,0
376267,0
386618,0
387082,0
387338,0
387923,0
388552,0
388585,0
388677,0
399687,0
399694,0
399979,0
400569,0
400961,0
404093,0
404672,0
415116,0
440275,0
493861,0
553115,0
644150,0
729967,0
100049587,0
